Category;Real Category;Business Name;Address;City;State;Postal Code;Country;Phone;Latitude;Longitude;Map Link
"perumahan";"Komplek perumahan";"Perumahan ASN 3 Pemprov Maluku Utara";"PHHF+5V9, Bukit Durian, Oba Utara, Kota Tidore Kepulauan, Maluku Utara";"Kota Tidore Kepulauan, Maluku Utara";"MALUKU UTARA";"";"Indonesia";"";"0.7283704";"127.5741846";"https://maps.google.com/?cid=0x0:0x31eecc55eb73d7a3"
"perumahan";"Komplek perumahan";"Perum Asn 3 (B11)";"PHHF+5V9, Bukit Durian, Oba Utara, Kota Tidore Kepulauan, Maluku Utara";"Kota Tidore Kepulauan, Maluku Utara";"MALUKU UTARA";"";"Indonesia";"";"0.7280784";"127.5738782";"https://maps.google.com/?cid=0x0:0x97f572e4d2740435"
"perumahan";"perumahan";"Kec. Mangoli Tim.";"Kabupaten Kepulauan Sula, Maluku Utara";"Kabupaten Kepulauan Sula, Maluku Utara";"MALUKU UTARA";"";"Indonesia";"";"-1.9120347";"125.9824503";"https://maps.google.com/?cid=0x0:0x8b05f627cf49bd0a"
"perumahan";"Komplek perumahan";"Pito rumah";"4397+88Q, Kow, Kec. Mangoli Tim., Kabupaten Kepulauan Sula, Maluku Utara";"Kabupaten Kepulauan Sula, Maluku Utara";"MALUKU UTARA";"";"Indonesia";"";"-1.8829579";"126.0630573";"https://maps.google.com/?cid=0x0:0xc1cf00a4e08c24d7"
"perumahan";"Komplek perumahan";"Rumah Ridwan Galela";"4496+77W, Wai Tamela, Kec. Mangoli Tim., Kabupaten Kepulauan Sula, Maluku Utara";"Kabupaten Kepulauan Sula, Maluku Utara";"MALUKU UTARA";"";"Indonesia";"";"-1.8817184";"126.1111613";"https://maps.google.com/?cid=0x0:0xbc57a2760efe805b"
"perumahan";"Komplek perumahan";"Rumah sinen umagapi";"4496+77W, Wai Tamela, Kec. Mangoli Tim., Kabupaten Kepulauan Sula, Maluku Utara";"Kabupaten Kepulauan Sula, Maluku Utara";"MALUKU UTARA";"";"Indonesia";"";"-1.8817556";"126.110699";"https://maps.google.com/?cid=0x0:0x847f1730873b9e86"
"perumahan";"Komplek perumahan";"Rumah Irfan Titdoy";"3XM8+J2, Karamat Titdoy, Kec. Mangoli Tim., Kabupaten Kepulauan Sula, Maluku Utara";"Kabupaten Kepulauan Sula, Maluku Utara";"MALUKU UTARA";"";"Indonesia";"";"-1.9159471";"125.9650249";"https://maps.google.com/?cid=0x0:0x7e0c5625f3699b25"
"perumahan";"Komplek perumahan";"Mes NAGA API";"3XM5+2V7, Karamat Titdoy, Kec. Mangoli Tim., Kabupaten Kepulauan Sula, Maluku Utara";"Kabupaten Kepulauan Sula, Maluku Utara";"MALUKU UTARA";"";"Indonesia";"";"-1.9174737";"125.9596678";"https://maps.google.com/?cid=0x0:0x403f9f288679e414"
"perumahan";"Komplek perumahan";"Rumah Bekam Umasugi";"4496+53M, Wai Tamela, Kec. Mangoli Tim., Kabupaten Kepulauan Sula, Maluku Utara";"Kabupaten Kepulauan Sula, Maluku Utara";"MALUKU UTARA";"";"Indonesia";"";"-1.8820431";"126.1101775";"https://maps.google.com/?cid=0x0:0x6b21f486f68888d0"
"perumahan";"Komplek perumahan";"Arjun umasugi";"4495+4J9, Wai Tamela, Kec. Mangoli Tim., Kabupaten Kepulauan Sula, Maluku Utara";"Kabupaten Kepulauan Sula, Maluku Utara";"MALUKU UTARA";"";"Indonesia";"";"-1.8822018";"126.1091249";"https://maps.google.com/?cid=0x0:0x312f1f5d3f62f7ad"
"perumahan";"Komplek perumahan";"KEDIAMAN RUSMAN UMAWAITINA";"3XQJ+6JP, Waitina, Kec. Mangoli Tim., Kabupaten Kepulauan Sula, Maluku Utara";"Kabupaten Kepulauan Sula, Maluku Utara";"MALUKU UTARA";"";"Indonesia";" 081381549185";"-1.9129239";"125.9807046";"https://maps.google.com/?cid=0x0:0x5596c5f0a79b2952"
"perumahan";"Komplek perumahan";"Rumah Irakman umagapi";"4496+77W, Wai Tamela, Kec. Mangoli Tim., Kabupaten Kepulauan Sula, Maluku Utara";"Kabupaten Kepulauan Sula, Maluku Utara";"MALUKU UTARA";"";"Indonesia";"";"-1.8817776";"126.1106475";"https://maps.google.com/?cid=0x0:0x7022cf0dc2aaea8a"
"perumahan";"Komplek perumahan";"Almarhum_Murid Soamole";"3XPJ+PQ8, Waitina, Kec. Mangoli Tim., Kabupaten Kepulauan Sula, Maluku Utara";"Kabupaten Kepulauan Sula, Maluku Utara";"MALUKU UTARA";"";"Indonesia";"";"-1.9143719";"125.9810065";"https://maps.google.com/?cid=0x0:0xc269aa3dd58194f9"
"perumahan";"perumahan";"Syarifudin umasangadji";"3XPJ+PQ8, Waitina, Kec. Mangoli Tim., Kabupaten Kepulauan Sula, Maluku Utara";"Kabupaten Kepulauan Sula, Maluku Utara";"MALUKU UTARA";"";"Indonesia";"";"-1.9140795";"125.9810161";"https://maps.google.com/?cid=0x0:0x99ecfa560c8379a8"
"perumahan";"perumahan";"Maluku Utara 97795";"Falahu, Kec. Sanana, Kabupaten Kepulauan Sula, Maluku Utara";"Kabupaten Kepulauan Sula, Maluku Utara";"MALUKU UTARA";"";"Indonesia";"";"-2.0613593";"125.9823727";"https://maps.google.com/?cid=0x0:0x25db49ff4002ccf8"
"perumahan";"Pelayanan Keamanan Jalan";"Sanana kabupaten kepulauan Sula";"VW5J+GJ7, Wailau, Kec. Sanana, Kabupaten Kepulauan Sula, Maluku Utara";"Kabupaten Kepulauan Sula, Maluku Utara";"MALUKU UTARA";"";"Indonesia";"";"-2.1412118";"125.9315489";"https://maps.google.com/?cid=0x0:0xbba950bab65addc9"
"perumahan";"Kompleks Apartemen";"CITY OF TOMCITAS";"WXQJ+XV4, Falahu, Kec. Sanana, Kabupaten Kepulauan Sula, Maluku Utara";"Kabupaten Kepulauan Sula, Maluku Utara";"MALUKU UTARA";"";"Indonesia";"";"-2.0601063";"125.9821884";"https://maps.google.com/?cid=0x0:0x82a00f67260ba79d"
"perumahan";"Komplek perumahan";"GAMALAMA Sound";"WXRJ+36M, Fagudu, Kec. Sanana, Kabupaten Kepulauan Sula, Maluku Utara";"Kabupaten Kepulauan Sula, Maluku Utara";"MALUKU UTARA";"";"Indonesia";"";"-2.0597288";"125.9806484";"https://maps.google.com/?cid=0x0:0x632ae406117de6db"
"perumahan";"Komplek perumahan";"Desa wailau";"WXRJ+2H5, Fagudu, Wailau, Kabupaten Kepulauan Sula, Maluku Utara";"Kabupaten Kepulauan Sula, Maluku Utara";"MALUKU UTARA";"";"Indonesia";"";"-2.0599979";"125.9814897";"https://maps.google.com/?cid=0x0:0xc3688785b0f04d43"
"perumahan";"Kantor Administrasi Kota";"KP2KP SANANA";"WXHH+G2H, Jl. Jenderal Besar Soeharto, Fogi, Kec. Sanana, Kabupaten Kepulauan Sula, Maluku Utara";"Kabupaten Kepulauan Sula, Maluku Utara";"MALUKU UTARA";"";"Indonesia";" 082335444219";"-2.0711935";"125.9776202";"https://maps.google.com/?cid=0x0:0x10c269ef1b7cc519"
"perumahan";"Kedai Kopi";"Mie Begadang Haibusa";"Fatce, Kec. Sanana, Kabupaten Kepulauan Sula, Maluku Utara 97795";"Kec. Sanana, Kabupaten Kepulauan Sula";"MALUKU UTARA";"97795";"Indonesia";"";"-2.0613406";"125.982371";"https://maps.google.com/?cid=0x0:0x506d12946d069858"
"perumahan";"Perumahan";"Perumahan Lapas Sanana";"WXFG+P25, Wai Hama, Kec. Sanana, Kabupaten Kepulauan Sula, Maluku Utara";"Kabupaten Kepulauan Sula, Maluku Utara";"MALUKU UTARA";"";"Indonesia";" 085757744181";"-2.0757323";"125.9751112";"https://maps.google.com/?cid=0x0:0x8e1c27fedad08d92"
"perumahan";"perumahan";"Maluku Utara 97795";"Falahu, Kec. Sanana, Kabupaten Kepulauan Sula, Maluku Utara";"Kabupaten Kepulauan Sula, Maluku Utara";"MALUKU UTARA";"";"Indonesia";"";"-2.0613593";"125.9823727";"https://maps.google.com/?cid=0x0:0x25db49ff4002ccf8"
"perumahan";"Komplek perumahan";"GAMALAMA Sound";"WXRJ+36M, Fagudu, Kec. Sanana, Kabupaten Kepulauan Sula, Maluku Utara";"Kabupaten Kepulauan Sula, Maluku Utara";"MALUKU UTARA";"";"Indonesia";"";"-2.0597288";"125.9806484";"https://maps.google.com/?cid=0x0:0x632ae406117de6db"
"perumahan";"Kompleks Apartemen";"CITY OF TOMCITAS";"WXQJ+XV4, Falahu, Kec. Sanana, Kabupaten Kepulauan Sula, Maluku Utara";"Kabupaten Kepulauan Sula, Maluku Utara";"MALUKU UTARA";"";"Indonesia";"";"-2.0601063";"125.9821884";"https://maps.google.com/?cid=0x0:0x82a00f67260ba79d"
"perumahan";"Klub pantai";"Desa Waihama";"WX8F+64G, Wai Hama, Kec. Sanana, Kabupaten Kepulauan Sula, Maluku Utara";"Kabupaten Kepulauan Sula, Maluku Utara";"MALUKU UTARA";"";"Indonesia";"";"-2.0844298";"125.9728388";"https://maps.google.com/?cid=0x0:0xd2b948b8b73e7711"
"perumahan";"Kedai Kopi";"Mie Begadang Haibusa";"Fatce, Kec. Sanana, Kabupaten Kepulauan Sula, Maluku Utara 97795";"Kec. Sanana, Kabupaten Kepulauan Sula";"MALUKU UTARA";"97795";"Indonesia";"";"-2.0613406";"125.982371";"https://maps.google.com/?cid=0x0:0x506d12946d069858"
"perumahan";"perumahan";"Kec. Mangoli Bar.";"Kabupaten Kepulauan Sula, Maluku Utara";"Kabupaten Kepulauan Sula, Maluku Utara";"MALUKU UTARA";"";"Indonesia";"";"-1.8071861";"125.3556926";"https://maps.google.com/?cid=0x0:0x9235093942d7b06a"
"perumahan";"Komplek perumahan";"Perumahan Dokter";"59Q4+HVX Ardi Buamona, Dofa, Kec. Mangoli Bar., Kabupaten Kepulauan Sula, Maluku Utara";"Kabupaten Kepulauan Sula, Maluku Utara";"MALUKU UTARA";"";"Indonesia";"";"-1.8100987";"125.3578214";"https://maps.google.com/?cid=0x0:0x669d96307e6480e8"
"perumahan";"Komplek perumahan";"Hasanudin, A.Md, S,Tra";"6C75+QQX, Leko Kadai, Kec. Mangoli Bar., Kabupaten Kepulauan Sula, Maluku Utara";"Kabupaten Kepulauan Sula, Maluku Utara";"MALUKU UTARA";"";"Indonesia";"";"-1.7855024";"125.4094857";"https://maps.google.com/?cid=0x0:0xe679302694e937f4"
"perumahan";"Komplek perumahan";"Hamundu sardi";"59R4+6R9, Dofa, Kec. Mangoli Bar., Kabupaten Kepulauan Sula, Maluku Utara";"Kabupaten Kepulauan Sula, Maluku Utara";"MALUKU UTARA";"";"Indonesia";"";"-1.809456";"125.357122";"https://maps.google.com/?cid=0x0:0xeb468d17d26ebac"
"perumahan";"Komplek perumahan";"rumah";"59R5+F6M, Dofa, Kec. Mangoli Bar., Kabupaten Kepulauan Sula, Maluku Utara";"Kabupaten Kepulauan Sula, Maluku Utara";"MALUKU UTARA";"";"Indonesia";"";"-1.808327";"125.358493";"https://maps.google.com/?cid=0x0:0x3ac7ba0d89b0f84"
"perumahan";"Komplek perumahan";"Rumah Ijo Waitamela";"58RX+65 Jembatan, wai tamela, Dofa, Kec. Mangoli Bar., Kabupaten Kepulauan Sula, Maluku Utara";"Kabupaten Kepulauan Sula, Maluku Utara";"MALUKU UTARA";"";"Indonesia";"";"-1.8083652";"125.347574";"https://maps.google.com/?cid=0x0:0x5fd332dcc2522ec0"
"perumahan";"Komplek perumahan";"Gugun Pung Rumah";"59R4+MP2, Dofa, Kec. Mangoli Bar., Kabupaten Kepulauan Sula, Maluku Utara";"Kabupaten Kepulauan Sula, Maluku Utara";"MALUKU UTARA";"";"Indonesia";"";"-1.80758";"125.3574982";"https://maps.google.com/?cid=0x0:0xc6b29c3e6c980f6a"
"perumahan";"perumahan";"Rumah irfan";"586J+J7R, Pelita, Kec. Mangoli Bar., Kabupaten Kepulauan Sula, Maluku Utara";"Kabupaten Kepulauan Sula, Maluku Utara";"MALUKU UTARA";"";"Indonesia";"";"-1.8383784";"125.3306253";"https://maps.google.com/?cid=0x0:0x5d112817a52c63fd"
"perumahan";"perumahan";"Purni home";"498H+W4P, Pas Ipa, Kec. Mangoli Bar., Kabupaten Kepulauan Sula, Maluku Utara";"Kabupaten Kepulauan Sula, Maluku Utara";"MALUKU UTARA";"";"Indonesia";"";"-1.8825233";"125.3782859";"https://maps.google.com/?cid=0x0:0x53fe3e50b8803b73"
"perumahan";"Perhimpunan Pengembang Perumahan";"Sugiyanto Buton";"498M+J43, Pas Ipa, Kec. Mangoli Bar., Kabupaten Kepulauan Sula, Maluku Utara";"Kabupaten Kepulauan Sula, Maluku Utara";"MALUKU UTARA";"";"Indonesia";"";"-1.8834829";"125.3827897";"https://maps.google.com/?cid=0x0:0x4a9c93b5c64945f3"
"perumahan";"Pembangunan Perumahan";"Dasfordate family";"498G+XM8, Pas Ipa, Kec. Mangoli Bar., Kabupaten Kepulauan Sula, Maluku Utara";"Kabupaten Kepulauan Sula, Maluku Utara";"MALUKU UTARA";"";"Indonesia";"";"-1.8825947";"125.3767172";"https://maps.google.com/?cid=0x0:0x9d1d6837f1d4da9e"
"perumahan";"Rumah Kaca";"Rumah Nyonya Vivi";"499H+58F, Pas Ipa, Kec. Mangoli Bar., Kabupaten Kepulauan Sula, Maluku Utara";"Kabupaten Kepulauan Sula, Maluku Utara";"MALUKU UTARA";"";"Indonesia";"";"-1.8817878";"125.3779949";"https://maps.google.com/?cid=0x0:0xb8b39db46a7c050d"
"perumahan";"Rumah Kaca";"Rumah rini";"499J+2PC, Pas Ipa, Kec. Mangoli Bar., Kabupaten Kepulauan Sula, Maluku Utara";"Kabupaten Kepulauan Sula, Maluku Utara";"MALUKU UTARA";"";"Indonesia";"";"-1.8824278";"125.3817758";"https://maps.google.com/?cid=0x0:0x3d232a45b4e5405f"
"perumahan";"Perhimpunan Pengembang Perumahan";"ILMAN BUTON";"6F6G+JXX, Falabisahaya, Mangoli Utara, Kabupaten Kepulauan Sula, Maluku Utara";"Kabupaten Kepulauan Sula, Maluku Utara";"MALUKU UTARA";"";"Indonesia";"";"-1.7875659";"125.4774777";"https://maps.google.com/?cid=0x0:0x629851f0b648de30"
"perumahan";"perumahan";"Maluku Utara 97795";"Falahu, Kec. Sanana, Kabupaten Kepulauan Sula, Maluku Utara";"Kabupaten Kepulauan Sula, Maluku Utara";"MALUKU UTARA";"";"Indonesia";"";"-2.0613593";"125.9823727";"https://maps.google.com/?cid=0x0:0x25db49ff4002ccf8"
"perumahan";"Kompleks Apartemen";"CITY OF TOMCITAS";"WXQJ+XV4, Falahu, Kec. Sanana, Kabupaten Kepulauan Sula, Maluku Utara";"Kabupaten Kepulauan Sula, Maluku Utara";"MALUKU UTARA";"";"Indonesia";"";"-2.0601063";"125.9821884";"https://maps.google.com/?cid=0x0:0x82a00f67260ba79d"
"perumahan";"Komplek perumahan";"Desa wailau";"WXRJ+2H5, Fagudu, Wailau, Kabupaten Kepulauan Sula, Maluku Utara";"Kabupaten Kepulauan Sula, Maluku Utara";"MALUKU UTARA";"";"Indonesia";"";"-2.0599979";"125.9814897";"https://maps.google.com/?cid=0x0:0xc3688785b0f04d43"
"perumahan";"Komplek perumahan";"Perumahan 100";"8VH5+C28, Nurweda, Kec. Weda, Kabupaten Halmahera Tengah, Maluku Utara";"Kabupaten Halmahera Tengah, Maluku Utara";"MALUKU UTARA";"";"Indonesia";"";"0.3285413";"127.8575664";"https://maps.google.com/?cid=0x0:0x6ddad3f13a841ea9"
"perumahan";"Kedai Kopi";"Mie Begadang Haibusa";"Fatce, Kec. Sanana, Kabupaten Kepulauan Sula, Maluku Utara 97795";"Kec. Sanana, Kabupaten Kepulauan Sula";"MALUKU UTARA";"97795";"Indonesia";"";"-2.0613406";"125.982371";"https://maps.google.com/?cid=0x0:0x506d12946d069858"
"perumahan";"perumahan";"Kec. Sulabesi Timur";"Kabupaten Kepulauan Sula, Maluku Utara";"Kabupaten Kepulauan Sula, Maluku Utara";"MALUKU UTARA";"";"Indonesia";"";"-2.3972103";"126.0597014";"https://maps.google.com/?cid=0x0:0xb7e818da71ae9c3d"
"perumahan";"Pembangunan Perumahan";"Fahrin sibela home stay";"J383+W4, Waisepa, Kec. Sulabesi Timur, Kabupaten Kepulauan Sula, Maluku Utara";"Kabupaten Kepulauan Sula, Maluku Utara";"MALUKU UTARA";"";"Indonesia";"";"-2.3826505";"126.052828";"https://maps.google.com/?cid=0x0:0x52067811ed4694d3"
"perumahan";"Komplek perumahan";"Rumah Parman";"G3V8+265, Fatkauyon, Kec. Sulabesi Timur, Kabupaten Kepulauan Sula, Maluku Utara";"Kabupaten Kepulauan Sula, Maluku Utara";"MALUKU UTARA";"";"Indonesia";"";"-2.4564683";"126.0662176";"https://maps.google.com/?cid=0x0:0x42a451e65ac6926b"
"perumahan";"Komplek perumahan";"Rmh. Hairun Sibela";"J29H+RRJ, Waisepa, Kec. Sulabesi Timur, Kabupaten Kepulauan Sula, Maluku Utara";"Kabupaten Kepulauan Sula, Maluku Utara";"MALUKU UTARA";"";"Indonesia";"";"-2.3804212";"126.0295261";"https://maps.google.com/?cid=0x0:0xe1a6da7c914a0642"
"perumahan";"Komplek perumahan";"Manaf";"M28J+MR, Manaf, Kec. Sulabesi Tengah, Kabupaten Kepulauan Sula, Maluku Utara";"Kabupaten Kepulauan Sula, Maluku Utara";"MALUKU UTARA";"";"Indonesia";"";"-2.3323253";"126.0309365";"https://maps.google.com/?cid=0x0:0x9b0fda86c48360e8"
"perumahan";"Komplek perumahan";"Soleman Yoisangaji";"J2MW+842, Jl. Desa Pohea, Wai Goyofa, Kec. Sulabesi Timur, Kabupaten Kepulauan Sula, Maluku Utara";"Kabupaten Kepulauan Sula, Maluku Utara";"MALUKU UTARA";"";"Indonesia";"";"-2.3667937";"126.0453201";"https://maps.google.com/?cid=0x0:0x95652be15fefa69"
"perumahan";"Pembangunan Perumahan";"Desa Sama";"H3V7+R7, Sama, Kec. Sulabesi Timur, Kabupaten Kepulauan Sula, Maluku Utara";"Kabupaten Kepulauan Sula, Maluku Utara";"MALUKU UTARA";"";"Indonesia";"";"-2.4054649";"126.063189";"https://maps.google.com/?cid=0x0:0x8547ded749913fd2"
"perumahan";"Komplek perumahan";"Abd.manaf";"JXQ6+P32, Fuata, Kec. Sulabesi Sel., Kabupaten Kepulauan Sula, Maluku Utara";"Kabupaten Kepulauan Sula, Maluku Utara";"MALUKU UTARA";"";"Indonesia";"";"-2.3607442";"125.9601295";"https://maps.google.com/?cid=0x0:0x10bc0c19d9f1f3f0"
"perumahan";"Komplek perumahan";"Hi.Anwar Basahona";"J2MW+842, Jl, Wai Goyofa, Kec. Sulabesi Timur, Kabupaten Kepulauan Sula, Maluku Utara";"Kabupaten Kepulauan Sula, Maluku Utara";"MALUKU UTARA";"";"Indonesia";"";"-2.3667375";"126.0452656";"https://maps.google.com/?cid=0x0:0xcf8e7c399ca671b2"
"perumahan";"Pembangunan Perumahan";"R. Hairun S";"J383+49F, Waisepa, Kec. Sulabesi Timur, Kabupaten Kepulauan Sula, Maluku Utara";"Kabupaten Kepulauan Sula, Maluku Utara";"MALUKU UTARA";"";"Indonesia";"";"-2.3846857";"126.0534237";"https://maps.google.com/?cid=0x0:0x10c86b6eb944e579"
"perumahan";"Komplek perumahan";"Ismail Umamit";"J335+PPV, Jl. Desa Pohea, Baleha, Kec. Sulabesi Timur, Kabupaten Kepulauan Sula, Maluku Utara";"Kabupaten Kepulauan Sula, Maluku Utara";"MALUKU UTARA";"";"Indonesia";" 082190748422";"-2.3956454";"126.0593014";"https://maps.google.com/?cid=0x0:0x4ef90eb6a0ae7e83"
"perumahan";"perumahan";"Maluku Utara 97795";"Falahu, Kec. Sanana, Kabupaten Kepulauan Sula, Maluku Utara";"Kabupaten Kepulauan Sula, Maluku Utara";"MALUKU UTARA";"";"Indonesia";"";"-2.0613593";"125.9823727";"https://maps.google.com/?cid=0x0:0x25db49ff4002ccf8"
"perumahan";"perumahan";"Subi dan Lusi";"JXQ6+Q74, Jl. Desa Pohea, Fuata, Kec. Sulabesi Sel., Kabupaten Kepulauan Sula, Maluku Utara";"Kabupaten Kepulauan Sula, Maluku Utara";"MALUKU UTARA";"";"Indonesia";"";"-2.3606238";"125.9606964";"https://maps.google.com/?cid=0x0:0xf5e7cba70e3788eb"
"perumahan";"Kompleks Apartemen";"CITY OF TOMCITAS";"WXQJ+XV4, Falahu, Kec. Sanana, Kabupaten Kepulauan Sula, Maluku Utara";"Kabupaten Kepulauan Sula, Maluku Utara";"MALUKU UTARA";"";"Indonesia";"";"-2.0601063";"125.9821884";"https://maps.google.com/?cid=0x0:0x82a00f67260ba79d"
"perumahan";"perumahan";"Maluku Utara 97795";"Falahu, Kec. Sanana, Kabupaten Kepulauan Sula, Maluku Utara";"Kabupaten Kepulauan Sula, Maluku Utara";"MALUKU UTARA";"";"Indonesia";"";"-2.0613593";"125.9823727";"https://maps.google.com/?cid=0x0:0x25db49ff4002ccf8"
"perumahan";"Kompleks Apartemen";"CITY OF TOMCITAS";"WXQJ+XV4, Falahu, Kec. Sanana, Kabupaten Kepulauan Sula, Maluku Utara";"Kabupaten Kepulauan Sula, Maluku Utara";"MALUKU UTARA";"";"Indonesia";"";"-2.0601063";"125.9821884";"https://maps.google.com/?cid=0x0:0x82a00f67260ba79d"
"perumahan";"Komplek perumahan";"Desa wailau";"WXRJ+2H5, Fagudu, Wailau, Kabupaten Kepulauan Sula, Maluku Utara";"Kabupaten Kepulauan Sula, Maluku Utara";"MALUKU UTARA";"";"Indonesia";"";"-2.0599979";"125.9814897";"https://maps.google.com/?cid=0x0:0xc3688785b0f04d43"
"perumahan";"Klub pantai";"Desa Waihama";"WX8F+64G, Wai Hama, Kec. Sanana, Kabupaten Kepulauan Sula, Maluku Utara";"Kabupaten Kepulauan Sula, Maluku Utara";"MALUKU UTARA";"";"Indonesia";"";"-2.0844298";"125.9728388";"https://maps.google.com/?cid=0x0:0xd2b948b8b73e7711"
"perumahan";"Kantor Pemerintah";"Desa bajo";"XXH3+W8P, Pohea, Kec. Sanana Utara, Kabupaten Kepulauan Sula, Maluku Utara";"Kabupaten Kepulauan Sula, Maluku Utara";"MALUKU UTARA";"";"Indonesia";"";"-2.020166";"125.9533322";"https://maps.google.com/?cid=0x0:0x9165f16944d76053"
"perumahan";"Komplek perumahan";"Perumahan 100";"8VH5+C28, Nurweda, Kec. Weda, Kabupaten Halmahera Tengah, Maluku Utara";"Kabupaten Halmahera Tengah, Maluku Utara";"MALUKU UTARA";"";"Indonesia";"";"0.3285413";"127.8575664";"https://maps.google.com/?cid=0x0:0x6ddad3f13a841ea9"
"perumahan";"Kedai Kopi";"Mie Begadang Haibusa";"Fatce, Kec. Sanana, Kabupaten Kepulauan Sula, Maluku Utara 97795";"Kec. Sanana, Kabupaten Kepulauan Sula";"MALUKU UTARA";"97795";"Indonesia";"";"-2.0613406";"125.982371";"https://maps.google.com/?cid=0x0:0x506d12946d069858"
"perumahan";"perumahan";"Mangoli Utara";"Kabupaten Kepulauan Sula, Maluku Utara";"Kabupaten Kepulauan Sula, Maluku Utara";"MALUKU UTARA";"";"Indonesia";"";"-1.7870032";"125.4804915";"https://maps.google.com/?cid=0x0:0x821bd9ab23ff70b4"
"perumahan";"Komplek perumahan";"Rumah Isma";"6F7P+7HV, Falabisahaya, Mangoli Utara, Kabupaten Kepulauan Sula, Maluku Utara";"Kabupaten Kepulauan Sula, Maluku Utara";"MALUKU UTARA";"";"Indonesia";"";"-1.7867669";"125.4864363";"https://maps.google.com/?cid=0x0:0x7aadcd375bbb019d"
"perumahan";"perumahan";"Rumah Nina";"6F7P+X5, Falabisahaya, Mangoli Utara, Kabupaten Kepulauan Sula, Maluku Utara";"Kabupaten Kepulauan Sula, Maluku Utara";"MALUKU UTARA";"";"Indonesia";"";"-1.785706";"125.485902";"https://maps.google.com/?cid=0x0:0xe3a4fa4e640af5c3"
"perumahan";"Komplek perumahan";"Rumah Anja Saputra";"6F7J+2F6, Falabisahaya, Mangoli Utara, Kabupaten Kepulauan Sula, Maluku Utara";"Kabupaten Kepulauan Sula, Maluku Utara";"MALUKU UTARA";"";"Indonesia";"";"-1.7872619";"125.4811887";"https://maps.google.com/?cid=0x0:0xafcdbb585cb832de"
"perumahan";"Komplek perumahan";"Buya kompleks GNS";"4H23+XW8, Buya, Kec. Mangoli Sel., Kabupaten Kepulauan Sula, Maluku Utara";"Kabupaten Kepulauan Sula, Maluku Utara";"MALUKU UTARA";"";"Indonesia";"";"-1.8975937";"125.5548422";"https://maps.google.com/?cid=0x0:0xb4ff53e93ef0d1fc"
"perumahan";"Komplek perumahan";"Hasanudin, A.Md, S,Tra";"6C75+QQX, Leko Kadai, Kec. Mangoli Bar., Kabupaten Kepulauan Sula, Maluku Utara";"Kabupaten Kepulauan Sula, Maluku Utara";"MALUKU UTARA";"";"Indonesia";"";"-1.7855024";"125.4094857";"https://maps.google.com/?cid=0x0:0xe679302694e937f4"
"perumahan";"Komplek perumahan";"Rumah Dinas Dokter Falabisahaya";"5F8Q+2MC, Falabisahaya, Mangoli Utara, Kabupaten Kepulauan Sula, Maluku Utara";"Kabupaten Kepulauan Sula, Maluku Utara";"MALUKU UTARA";"";"Indonesia";"";"-1.8349259";"125.489147";"https://maps.google.com/?cid=0x0:0xa41db5188cf6b7cf"
"perumahan";"Rumah Kaca";"fanda’s home";"6F7P+X5, Falabisahaya, Mangoli Utara, Kabupaten Kepulauan Sula, Maluku Utara";"Kabupaten Kepulauan Sula, Maluku Utara";"MALUKU UTARA";"";"Indonesia";"";"-1.7850854";"125.4853876";"https://maps.google.com/?cid=0x0:0x19fd65011f3c7a43"
"perumahan";"Perhimpunan Pengembang Perumahan";"ILMAN BUTON";"6F6G+JXX, Falabisahaya, Mangoli Utara, Kabupaten Kepulauan Sula, Maluku Utara";"Kabupaten Kepulauan Sula, Maluku Utara";"MALUKU UTARA";"";"Indonesia";"";"-1.7875659";"125.4774777";"https://maps.google.com/?cid=0x0:0x629851f0b648de30"
"perumahan";"Komplek perumahan";"Bulurdity Home";"6F8J+38X, Falabisahaya, Mangoli Utara, Kabupaten Kepulauan Sula, Maluku Utara";"Kabupaten Kepulauan Sula, Maluku Utara";"MALUKU UTARA";"";"Indonesia";"";"-1.7847509";"125.4808668";"https://maps.google.com/?cid=0x0:0x77cecfe7fc113764"
"perumahan";"Komplek perumahan";"Rumah Om Petu Amuntoda";"6F6G+RWH, Dusun IV, Falabisahaya, Mangoli Utara, Kabupaten Kepulauan Sula, Maluku Utara";"Kabupaten Kepulauan Sula, Maluku Utara";"MALUKU UTARA";"";"Indonesia";"";"-1.7879368";"125.4773538";"https://maps.google.com/?cid=0x0:0x1af8fd95feed4603"
"perumahan";"Vila";"Kos-kosan kesya";"6F7J+F6G, Falabisahaya, Mangoli Utara, Kabupaten Kepulauan Sula, Maluku Utara";"Kabupaten Kepulauan Sula, Maluku Utara";"MALUKU UTARA";"";"Indonesia";"";"-1.7862162";"125.480322";"https://maps.google.com/?cid=0x0:0x2d1b96f34798114c"
"perumahan";"Komplek perumahan";"Desa Pastabulu";"6GC6+87X, Pastabulu, Mangoli Utara, Kabupaten Kepulauan Sula, Maluku Utara";"Kabupaten Kepulauan Sula, Maluku Utara";"MALUKU UTARA";"";"Indonesia";"";"-1.7791391";"125.5107307";"https://maps.google.com/?cid=0x0:0xcd2b759032db8d5e"
"perumahan";"Komplek perumahan";"Isra ardiansa";"6F7J+2F6, Falabisahaya, Mangoli Utara, Kabupaten Kepulauan Sula, Maluku Utara";"Kabupaten Kepulauan Sula, Maluku Utara";"MALUKU UTARA";"";"Indonesia";"";"-1.7873795";"125.4824227";"https://maps.google.com/?cid=0x0:0x621a3f685950d5c1"
"perumahan";"perumahan";"Kec. Mangoli Tengah";"Kabupaten Kepulauan Sula, Maluku Utara";"Kabupaten Kepulauan Sula, Maluku Utara";"MALUKU UTARA";"";"Indonesia";"";"-1.9272257";"125.9383491";"https://maps.google.com/?cid=0x0:0xa42c94bee3686447"
"perumahan";"Komplek perumahan";"Salobar City";"3WCP+GG4, Jalan Air Salobar, RT.14/RW.07, Mangoli, Kec. Mangoli Tengah, Kabupaten Kepulauan Sula, Maluku Utara";"Kabupaten Kepulauan Sula, Maluku Utara";"MALUKU UTARA";"";"Indonesia";"";"-1.9287296";"125.936337";"https://maps.google.com/?cid=0x0:0xa9e9cc85962a8e5d"
"perumahan";"Toko";"Perumahan Waitulia";"3W95+34W, Waitulia, Kec. Mangoli Tengah, Kabupaten Kepulauan Sula, Maluku Utara";"Kabupaten Kepulauan Sula, Maluku Utara";"MALUKU UTARA";"";"Indonesia";" 082123253265";"-1.9322675";"125.9078261";"https://maps.google.com/?cid=0x0:0x923f1ffeddd3b30d"
"perumahan";"Komplek perumahan";"Walikota";"3WGQ+642, Mangoli, Kec. Mangoli Tengah, Kabupaten Kepulauan Sula, Maluku Utara";"Kabupaten Kepulauan Sula, Maluku Utara";"MALUKU UTARA";"";"Indonesia";"";"-1.9243544";"125.9365998";"https://maps.google.com/?cid=0x0:0x81ff5f04308088fb"
"perumahan";"Layanan Transportasi";"Rumah mas ud tukuboya";"3WGQ+2V9, Mangoli, Kec. Mangoli Tengah, Kabupaten Kepulauan Sula, Maluku Utara";"Kabupaten Kepulauan Sula, Maluku Utara";"MALUKU UTARA";"";"Indonesia";"";"-1.9249307";"125.93965";"https://maps.google.com/?cid=0x0:0x19a7ef34b4b8e761"
"perumahan";"Komplek perumahan";"Rumah rifaldi";"3WFQ+75Q, Jl. Lain, Mangoli, Kec. Mangoli Tengah, Kabupaten Kepulauan Sula, Maluku Utara";"Kabupaten Kepulauan Sula, Maluku Utara";"MALUKU UTARA";"";"Indonesia";"";"-1.9260841";"125.9375275";"https://maps.google.com/?cid=0x0:0x28796c25e948fdeb"
"perumahan";"Komplek perumahan";"Rumah Nur afiani";"3XPM+MV7, Waitina, Kec. Mangoli Tim., Kabupaten Kepulauan Sula, Maluku Utara";"Kabupaten Kepulauan Sula, Maluku Utara";"MALUKU UTARA";"";"Indonesia";"";"-1.912493";"125.9850472";"https://maps.google.com/?cid=0x0:0x35196308196d8622"
"perumahan";"Komplek perumahan";"Mes NAGA API";"3XM5+2V7, Karamat Titdoy, Kec. Mangoli Tim., Kabupaten Kepulauan Sula, Maluku Utara";"Kabupaten Kepulauan Sula, Maluku Utara";"MALUKU UTARA";"";"Indonesia";"";"-1.9174737";"125.9596678";"https://maps.google.com/?cid=0x0:0x403f9f288679e414"
"perumahan";"Komplek perumahan";"BENGKEL KARANG TARUNA WAILENGA OTOMOTIF";"3WCJ+64J, Mangoli, Kec. Mangoli Tengah, Kabupaten Kepulauan Sula, Maluku Utara";"Kabupaten Kepulauan Sula, Maluku Utara";"MALUKU UTARA";"";"Indonesia";"";"-1.9294028";"125.9302677";"https://maps.google.com/?cid=0x0:0xb34f2826cd8388f7"
"perumahan";"Komplek perumahan";"Rumah Irfan Titdoy";"3XM8+J2, Karamat Titdoy, Kec. Mangoli Tim., Kabupaten Kepulauan Sula, Maluku Utara";"Kabupaten Kepulauan Sula, Maluku Utara";"MALUKU UTARA";"";"Indonesia";"";"-1.9159471";"125.9650249";"https://maps.google.com/?cid=0x0:0x7e0c5625f3699b25"
"perumahan";"perumahan";"Syarifudin umasangadji";"3XPJ+PQ8, Waitina, Kec. Mangoli Tim., Kabupaten Kepulauan Sula, Maluku Utara";"Kabupaten Kepulauan Sula, Maluku Utara";"MALUKU UTARA";"";"Indonesia";"";"-1.9140795";"125.9810161";"https://maps.google.com/?cid=0x0:0x99ecfa560c8379a8"
"perumahan";"Komplek perumahan";"KEDIAMAN RUSMAN UMAWAITINA";"3XQJ+6JP, Waitina, Kec. Mangoli Tim., Kabupaten Kepulauan Sula, Maluku Utara";"Kabupaten Kepulauan Sula, Maluku Utara";"MALUKU UTARA";"";"Indonesia";" 081381549185";"-1.9129239";"125.9807046";"https://maps.google.com/?cid=0x0:0x5596c5f0a79b2952"
"perumahan";"Komplek perumahan";"Rumah Tamrin tukuboya";"3W83+3P2, Waitulia, Kec. Mangoli Tengah, Kabupaten Kepulauan Sula, Maluku Utara";"Kabupaten Kepulauan Sula, Maluku Utara";"MALUKU UTARA";"";"Indonesia";"";"-1.9353037";"125.9044204";"https://maps.google.com/?cid=0x0:0xd9d3c0a81ed61a1d"
"perumahan";"Komplek perumahan";"Almarhum_Murid Soamole";"3XPJ+PQ8, Waitina, Kec. Mangoli Tim., Kabupaten Kepulauan Sula, Maluku Utara";"Kabupaten Kepulauan Sula, Maluku Utara";"MALUKU UTARA";"";"Indonesia";"";"-1.9143719";"125.9810065";"https://maps.google.com/?cid=0x0:0xc269aa3dd58194f9"
"perumahan";"perumahan";"Mangoli Utara Tim.";"Kabupaten Kepulauan Sula, Maluku Utara";"Kabupaten Kepulauan Sula, Maluku Utara";"MALUKU UTARA";"";"Indonesia";"";"-1.8414454";"126.241388";"https://maps.google.com/?cid=0x0:0x17e3b0f466e504e3"
"perumahan";"Pembangunan Perumahan";"Keluarga upara";"58F2+CQQ, Waisakai, Mangoli Utara Tim., Kabupaten Kepulauan Sula, Maluku Utara";"Kabupaten Kepulauan Sula, Maluku Utara";"MALUKU UTARA";"";"Indonesia";"";"-1.8264063";"126.3019775";"https://maps.google.com/?cid=0x0:0x470005cc13d27269"
"perumahan";"Komplek perumahan";"Rumah sinen umagapi";"4496+77W, Wai Tamela, Kec. Mangoli Tim., Kabupaten Kepulauan Sula, Maluku Utara";"Kabupaten Kepulauan Sula, Maluku Utara";"MALUKU UTARA";"";"Indonesia";"";"-1.8817556";"126.110699";"https://maps.google.com/?cid=0x0:0x847f1730873b9e86"
"perumahan";"perumahan";"Iskandar alam";"4588+XHX, Kawata, Mangoli Utara Tim., Kabupaten Kepulauan Sula, Maluku Utara";"Kabupaten Kepulauan Sula, Maluku Utara";"MALUKU UTARA";"";"Indonesia";"";"-1.8825089";"126.1665";"https://maps.google.com/?cid=0x0:0xeba5eae041559f4a"
"perumahan";"perumahan";"Kec. Mangoli Sel.";"Kabupaten Kepulauan Sula, Maluku Utara";"Kabupaten Kepulauan Sula, Maluku Utara";"MALUKU UTARA";"";"Indonesia";"";"-1.9281685";"125.5811446";"https://maps.google.com/?cid=0x0:0xe82e6eef47e4f664"
"perumahan";"Komplek perumahan";"Buya kompleks GNS";"4H23+XW8, Buya, Kec. Mangoli Sel., Kabupaten Kepulauan Sula, Maluku Utara";"Kabupaten Kepulauan Sula, Maluku Utara";"MALUKU UTARA";"";"Indonesia";"";"-1.8975937";"125.5548422";"https://maps.google.com/?cid=0x0:0xb4ff53e93ef0d1fc"
"perumahan";"Klub pantai";"Desa auponhia";"3G62+V2X, Auponhia, Kec. Mangoli Sel., Kabupaten Kepulauan Sula, Maluku Utara";"Kabupaten Kepulauan Sula, Maluku Utara";"MALUKU UTARA";"";"Indonesia";"";"-1.9377677";"125.5000962";"https://maps.google.com/?cid=0x0:0x84749075ef0ef839"
"perumahan";"Komplek perumahan";"Rumah Dinas Dokter Falabisahaya";"5F8Q+2MC, Falabisahaya, Mangoli Utara, Kabupaten Kepulauan Sula, Maluku Utara";"Kabupaten Kepulauan Sula, Maluku Utara";"MALUKU UTARA";"";"Indonesia";"";"-1.8349259";"125.489147";"https://maps.google.com/?cid=0x0:0xa41db5188cf6b7cf"
"perumahan";"Komplek perumahan";"Desa Kaporo";"3PC4+MRC, Kaporo, Kec. Mangoli Sel., Kabupaten Kepulauan Sula, Maluku Utara";"Kabupaten Kepulauan Sula, Maluku Utara";"MALUKU UTARA";"";"Indonesia";"";"-1.9288387";"125.7072654";"https://maps.google.com/?cid=0x0:0xec909975e8ecb65c"
"perumahan";"Komplek perumahan";"Arsad marsaoly";"5F8Q+2MC, Falabisahaya, Mangoli Utara, Kabupaten Kepulauan Sula, Maluku Utara";"Kabupaten Kepulauan Sula, Maluku Utara";"MALUKU UTARA";"";"Indonesia";"";"-1.8349259";"125.489147";"https://maps.google.com/?cid=0x0:0xccd6484103f76bf4"
"perumahan";"Tujuan Wisata";"LELIYABA";"49HW+FQ, Lelyaba, Kec. Mangoli Bar., Kabupaten Kepulauan Sula, Maluku Utara";"Kabupaten Kepulauan Sula, Maluku Utara";"MALUKU UTARA";"";"Indonesia";"";"-1.8708315";"125.3981796";"https://maps.google.com/?cid=0x0:0xb2b7f1562c0296db"
"perumahan";"Pembangunan Perumahan";"UPT Mahodopi";"5HJG+J22, Madapuhi, Mangoli Utara, Kabupaten Kepulauan Sula, Maluku Utara";"Kabupaten Kepulauan Sula, Maluku Utara";"MALUKU UTARA";"";"Indonesia";"";"-1.8184986";"125.5750097";"https://maps.google.com/?cid=0x0:0x6b618b18a411f454"
"perumahan";"Komplek perumahan";"Erik Setiawan";"5F8Q+2MC, Falabisahaya, Mangoli Utara, Kabupaten Kepulauan Sula, Maluku Utara";"Kabupaten Kepulauan Sula, Maluku Utara";"MALUKU UTARA";"";"Indonesia";"";"-1.8349259";"125.489147";"https://maps.google.com/?cid=0x0:0xaa25945db39d955f"
"perumahan";"Kantor Pemerintah";"Puskesmas Buya";"3HCM+RFF, Buya, Kec. Mangoli Sel., Kabupaten Kepulauan Sula, Maluku Utara";"Kabupaten Kepulauan Sula, Maluku Utara";"MALUKU UTARA";"";"Indonesia";" 0929343245";"-1.9279452";"125.5836695";"https://maps.google.com/?cid=0x0:0x979da751f0953ff9"
"perumahan";"Pembangunan Perumahan";"Desa Paslal";"3RR4+82, Paslal, Kabupaten Kepulauan Sula, Maluku Utara";"Kabupaten Kepulauan Sula, Maluku Utara";"MALUKU UTARA";"";"Indonesia";"";"-1.9091533";"125.80508";"https://maps.google.com/?cid=0x0:0xa73989c78a974865"
"perumahan";"perumahan";"Maluku Utara 97795";"Falahu, Kec. Sanana, Kabupaten Kepulauan Sula, Maluku Utara";"Kabupaten Kepulauan Sula, Maluku Utara";"MALUKU UTARA";"";"Indonesia";"";"-2.0613593";"125.9823727";"https://maps.google.com/?cid=0x0:0x25db49ff4002ccf8"
"perumahan";"Pelayanan Keamanan Jalan";"Sanana kabupaten kepulauan Sula";"VW5J+GJ7, Wailau, Kec. Sanana, Kabupaten Kepulauan Sula, Maluku Utara";"Kabupaten Kepulauan Sula, Maluku Utara";"MALUKU UTARA";"";"Indonesia";"";"-2.1412118";"125.9315489";"https://maps.google.com/?cid=0x0:0xbba950bab65addc9"
"perumahan";"Kompleks Apartemen";"CITY OF TOMCITAS";"WXQJ+XV4, Falahu, Kec. Sanana, Kabupaten Kepulauan Sula, Maluku Utara";"Kabupaten Kepulauan Sula, Maluku Utara";"MALUKU UTARA";"";"Indonesia";"";"-2.0601063";"125.9821884";"https://maps.google.com/?cid=0x0:0x82a00f67260ba79d"
"perumahan";"Komplek perumahan";"GAMALAMA Sound";"WXRJ+36M, Fagudu, Kec. Sanana, Kabupaten Kepulauan Sula, Maluku Utara";"Kabupaten Kepulauan Sula, Maluku Utara";"MALUKU UTARA";"";"Indonesia";"";"-2.0597288";"125.9806484";"https://maps.google.com/?cid=0x0:0x632ae406117de6db"
"perumahan";"perumahan";"Kec. Sanana Utara";"Kabupaten Kepulauan Sula, Maluku Utara";"Kabupaten Kepulauan Sula, Maluku Utara";"MALUKU UTARA";"";"Indonesia";"";"-2.0052999";"125.9683499";"https://maps.google.com/?cid=0x0:0xa4fdb7c28266eee1"
"perumahan";"Komplek perumahan";"Desa wailau";"WXRJ+2H5, Fagudu, Wailau, Kabupaten Kepulauan Sula, Maluku Utara";"Kabupaten Kepulauan Sula, Maluku Utara";"MALUKU UTARA";"";"Indonesia";"";"-2.0599979";"125.9814897";"https://maps.google.com/?cid=0x0:0xc3688785b0f04d43"
"perumahan";"Kantor Administrasi Kota";"KP2KP SANANA";"WXHH+G2H, Jl. Jenderal Besar Soeharto, Fogi, Kec. Sanana, Kabupaten Kepulauan Sula, Maluku Utara";"Kabupaten Kepulauan Sula, Maluku Utara";"MALUKU UTARA";"";"Indonesia";" 082335444219";"-2.0711935";"125.9776202";"https://maps.google.com/?cid=0x0:0x10c269ef1b7cc519"
"perumahan";"Kedai Kopi";"Mie Begadang Haibusa";"Fatce, Kec. Sanana, Kabupaten Kepulauan Sula, Maluku Utara 97795";"Kec. Sanana, Kabupaten Kepulauan Sula";"MALUKU UTARA";"97795";"Indonesia";"";"-2.0613406";"125.982371";"https://maps.google.com/?cid=0x0:0x506d12946d069858"
"housing complex";"housing complex";"Kec. Mangoli Tim.";"Kabupaten Kepulauan Sula, Maluku Utara";"Kabupaten Kepulauan Sula, Maluku Utara";"MALUKU UTARA";"";"Indonesia";"";"-1.9120347";"125.9824503";"https://maps.google.com/?cid=0x0:0x8b05f627cf49bd0a"
"housing complex";"housing complex";"Maluku Utara 97795";"Falahu, Kec. Sanana, Kabupaten Kepulauan Sula, Maluku Utara";"Kabupaten Kepulauan Sula, Maluku Utara";"MALUKU UTARA";"";"Indonesia";"";"-2.0613593";"125.9823727";"https://maps.google.com/?cid=0x0:0x25db49ff4002ccf8"
"housing complex";"Komplek perumahan";"KAMASMATA";"WXPM+543, Fatce, Kec. Sanana, Kabupaten Kepulauan Sula, Maluku Utara";"Kabupaten Kepulauan Sula, Maluku Utara";"MALUKU UTARA";"";"Indonesia";"";"-2.0646115";"125.9828025";"https://maps.google.com/?cid=0x0:0x17cf0485e4d572eb"
"housing complex";"Kompleks Apartemen";"CITY OF TOMCITAS";"WXQJ+XV4, Falahu, Kec. Sanana, Kabupaten Kepulauan Sula, Maluku Utara";"Kabupaten Kepulauan Sula, Maluku Utara";"MALUKU UTARA";"";"Indonesia";"";"-2.0601063";"125.9821884";"https://maps.google.com/?cid=0x0:0x82a00f67260ba79d"
"housing complex";"Komplek perumahan";"GAMALAMA Sound";"WXRJ+36M, Fagudu, Kec. Sanana, Kabupaten Kepulauan Sula, Maluku Utara";"Kabupaten Kepulauan Sula, Maluku Utara";"MALUKU UTARA";"";"Indonesia";"";"-2.0597288";"125.9806484";"https://maps.google.com/?cid=0x0:0x632ae406117de6db"
"housing complex";"Pelayanan Keamanan Jalan";"Sanana kabupaten kepulauan Sula";"VW5J+GJ7, Wailau, Kec. Sanana, Kabupaten Kepulauan Sula, Maluku Utara";"Kabupaten Kepulauan Sula, Maluku Utara";"MALUKU UTARA";"";"Indonesia";"";"-2.1412118";"125.9315489";"https://maps.google.com/?cid=0x0:0xbba950bab65addc9"
"housing complex";"Kompleks Apartemen";"CITY OF TOMCITAS";"WXQJ+XV4, Falahu, Kec. Sanana, Kabupaten Kepulauan Sula, Maluku Utara";"Kabupaten Kepulauan Sula, Maluku Utara";"MALUKU UTARA";"";"Indonesia";"";"-2.0601063";"125.9821884";"https://maps.google.com/?cid=0x0:0x82a00f67260ba79d"
"housing complex";"housing complex";"Maluku Utara 97795";"Falahu, Kec. Sanana, Kabupaten Kepulauan Sula, Maluku Utara";"Kabupaten Kepulauan Sula, Maluku Utara";"MALUKU UTARA";"";"Indonesia";"";"-2.0613593";"125.9823727";"https://maps.google.com/?cid=0x0:0x25db49ff4002ccf8"
"housing complex";"Komplek perumahan";"GAMALAMA Sound";"WXRJ+36M, Fagudu, Kec. Sanana, Kabupaten Kepulauan Sula, Maluku Utara";"Kabupaten Kepulauan Sula, Maluku Utara";"MALUKU UTARA";"";"Indonesia";"";"-2.0597288";"125.9806484";"https://maps.google.com/?cid=0x0:0x632ae406117de6db"
"housing complex";"housing complex";"Kec. Mangoli Bar.";"Kabupaten Kepulauan Sula, Maluku Utara";"Kabupaten Kepulauan Sula, Maluku Utara";"MALUKU UTARA";"";"Indonesia";"";"-1.8071861";"125.3556926";"https://maps.google.com/?cid=0x0:0x9235093942d7b06a"
"housing complex";"housing complex";"Maluku Utara 97795";"Falahu, Kec. Sanana, Kabupaten Kepulauan Sula, Maluku Utara";"Kabupaten Kepulauan Sula, Maluku Utara";"MALUKU UTARA";"";"Indonesia";"";"-2.0613593";"125.9823727";"https://maps.google.com/?cid=0x0:0x25db49ff4002ccf8"
"housing complex";"Kompleks Apartemen";"CITY OF TOMCITAS";"WXQJ+XV4, Falahu, Kec. Sanana, Kabupaten Kepulauan Sula, Maluku Utara";"Kabupaten Kepulauan Sula, Maluku Utara";"MALUKU UTARA";"";"Indonesia";"";"-2.0601063";"125.9821884";"https://maps.google.com/?cid=0x0:0x82a00f67260ba79d"
"housing complex";"Komplek perumahan";"GAMALAMA Sound";"WXRJ+36M, Fagudu, Kec. Sanana, Kabupaten Kepulauan Sula, Maluku Utara";"Kabupaten Kepulauan Sula, Maluku Utara";"MALUKU UTARA";"";"Indonesia";"";"-2.0597288";"125.9806484";"https://maps.google.com/?cid=0x0:0x632ae406117de6db"
"housing complex";"Kompleks Apartemen";"SINTA KOMALING";"WXQJ+6CH, Fatce, Kec. Sanana, Kabupaten Kepulauan Sula, Maluku Utara";"Kabupaten Kepulauan Sula, Maluku Utara";"MALUKU UTARA";"";"Indonesia";"";"-2.061945";"125.9811205";"https://maps.google.com/?cid=0x0:0x3bc0ec41d51e9fbf"
"housing complex";"housing complex";"Maluku Utara 97795";"Falahu, Kec. Sanana, Kabupaten Kepulauan Sula, Maluku Utara";"Kabupaten Kepulauan Sula, Maluku Utara";"MALUKU UTARA";"";"Indonesia";"";"-2.0613593";"125.9823727";"https://maps.google.com/?cid=0x0:0x25db49ff4002ccf8"
"housing complex";"housing complex";"Kec. Sulabesi Timur";"Kabupaten Kepulauan Sula, Maluku Utara";"Kabupaten Kepulauan Sula, Maluku Utara";"MALUKU UTARA";"";"Indonesia";"";"-2.3972103";"126.0597014";"https://maps.google.com/?cid=0x0:0xb7e818da71ae9c3d"
"housing complex";"Pembangunan Perumahan";"Fahrin sibela home stay";"J383+W4, Waisepa, Kec. Sulabesi Timur, Kabupaten Kepulauan Sula, Maluku Utara";"Kabupaten Kepulauan Sula, Maluku Utara";"MALUKU UTARA";"";"Indonesia";"";"-2.3826505";"126.052828";"https://maps.google.com/?cid=0x0:0x52067811ed4694d3"
"housing complex";"Komplek perumahan";"Soleman Yoisangaji";"J2MW+842, Jl. Desa Pohea, Wai Goyofa, Kec. Sulabesi Timur, Kabupaten Kepulauan Sula, Maluku Utara";"Kabupaten Kepulauan Sula, Maluku Utara";"MALUKU UTARA";"";"Indonesia";"";"-2.3667937";"126.0453201";"https://maps.google.com/?cid=0x0:0x95652be15fefa69"
"housing complex";"Komplek perumahan";"Rumah Parman";"G3V8+265, Fatkauyon, Kec. Sulabesi Timur, Kabupaten Kepulauan Sula, Maluku Utara";"Kabupaten Kepulauan Sula, Maluku Utara";"MALUKU UTARA";"";"Indonesia";"";"-2.4564683";"126.0662176";"https://maps.google.com/?cid=0x0:0x42a451e65ac6926b"
"housing complex";"Komplek perumahan";"Rmh. Hairun Sibela";"J29H+RRJ, Waisepa, Kec. Sulabesi Timur, Kabupaten Kepulauan Sula, Maluku Utara";"Kabupaten Kepulauan Sula, Maluku Utara";"MALUKU UTARA";"";"Indonesia";"";"-2.3804212";"126.0295261";"https://maps.google.com/?cid=0x0:0xe1a6da7c914a0642"
"housing complex";"housing complex";"Maluku Utara 97795";"Falahu, Kec. Sanana, Kabupaten Kepulauan Sula, Maluku Utara";"Kabupaten Kepulauan Sula, Maluku Utara";"MALUKU UTARA";"";"Indonesia";"";"-2.0613593";"125.9823727";"https://maps.google.com/?cid=0x0:0x25db49ff4002ccf8"
"housing complex";"Komplek perumahan";"GAMALAMA Sound";"WXRJ+36M, Fagudu, Kec. Sanana, Kabupaten Kepulauan Sula, Maluku Utara";"Kabupaten Kepulauan Sula, Maluku Utara";"MALUKU UTARA";"";"Indonesia";"";"-2.0597288";"125.9806484";"https://maps.google.com/?cid=0x0:0x632ae406117de6db"
"housing complex";"Kompleks Apartemen";"CITY OF TOMCITAS";"WXQJ+XV4, Falahu, Kec. Sanana, Kabupaten Kepulauan Sula, Maluku Utara";"Kabupaten Kepulauan Sula, Maluku Utara";"MALUKU UTARA";"";"Indonesia";"";"-2.0601063";"125.9821884";"https://maps.google.com/?cid=0x0:0x82a00f67260ba79d"
"housing complex";"Komplek perumahan";"KAMASMATA";"WXPM+543, Fatce, Kec. Sanana, Kabupaten Kepulauan Sula, Maluku Utara";"Kabupaten Kepulauan Sula, Maluku Utara";"MALUKU UTARA";"";"Indonesia";"";"-2.0646115";"125.9828025";"https://maps.google.com/?cid=0x0:0x17cf0485e4d572eb"
"housing complex";"housing complex";"Mangoli Utara";"Kabupaten Kepulauan Sula, Maluku Utara";"Kabupaten Kepulauan Sula, Maluku Utara";"MALUKU UTARA";"";"Indonesia";"";"-1.7870032";"125.4804915";"https://maps.google.com/?cid=0x0:0x821bd9ab23ff70b4"
"housing complex";"Kompleks Apartemen";"SINTA KOMALING";"WXQJ+6CH, Fatce, Kec. Sanana, Kabupaten Kepulauan Sula, Maluku Utara";"Kabupaten Kepulauan Sula, Maluku Utara";"MALUKU UTARA";"";"Indonesia";"";"-2.061945";"125.9811205";"https://maps.google.com/?cid=0x0:0x3bc0ec41d51e9fbf"
"housing complex";"housing complex";"Kec. Mangoli Tengah";"Kabupaten Kepulauan Sula, Maluku Utara";"Kabupaten Kepulauan Sula, Maluku Utara";"MALUKU UTARA";"";"Indonesia";"";"-1.9272257";"125.9383491";"https://maps.google.com/?cid=0x0:0xa42c94bee3686447"
"housing complex";"Komplek perumahan";"KAMASMATA";"WXPM+543, Fatce, Kec. Sanana, Kabupaten Kepulauan Sula, Maluku Utara";"Kabupaten Kepulauan Sula, Maluku Utara";"MALUKU UTARA";"";"Indonesia";"";"-2.0646115";"125.9828025";"https://maps.google.com/?cid=0x0:0x17cf0485e4d572eb"
"housing complex";"Kompleks Apartemen";"SINTA KOMALING";"WXQJ+6CH, Fatce, Kec. Sanana, Kabupaten Kepulauan Sula, Maluku Utara";"Kabupaten Kepulauan Sula, Maluku Utara";"MALUKU UTARA";"";"Indonesia";"";"-2.061945";"125.9811205";"https://maps.google.com/?cid=0x0:0x3bc0ec41d51e9fbf"
"housing complex";"housing complex";"Mangoli Utara Tim.";"Kabupaten Kepulauan Sula, Maluku Utara";"Kabupaten Kepulauan Sula, Maluku Utara";"MALUKU UTARA";"";"Indonesia";"";"-1.8414454";"126.241388";"https://maps.google.com/?cid=0x0:0x17e3b0f466e504e3"
"housing complex";"housing complex";"Kec. Mangoli Sel.";"Kabupaten Kepulauan Sula, Maluku Utara";"Kabupaten Kepulauan Sula, Maluku Utara";"MALUKU UTARA";"";"Indonesia";"";"-1.9281685";"125.5811446";"https://maps.google.com/?cid=0x0:0xe82e6eef47e4f664"
"housing complex";"housing complex";"Maluku Utara 97795";"Falahu, Kec. Sanana, Kabupaten Kepulauan Sula, Maluku Utara";"Kabupaten Kepulauan Sula, Maluku Utara";"MALUKU UTARA";"";"Indonesia";"";"-2.0613593";"125.9823727";"https://maps.google.com/?cid=0x0:0x25db49ff4002ccf8"
"housing complex";"Komplek perumahan";"KAMASMATA";"WXPM+543, Fatce, Kec. Sanana, Kabupaten Kepulauan Sula, Maluku Utara";"Kabupaten Kepulauan Sula, Maluku Utara";"MALUKU UTARA";"";"Indonesia";"";"-2.0646115";"125.9828025";"https://maps.google.com/?cid=0x0:0x17cf0485e4d572eb"
"housing complex";"Komplek perumahan";"GAMALAMA Sound";"WXRJ+36M, Fagudu, Kec. Sanana, Kabupaten Kepulauan Sula, Maluku Utara";"Kabupaten Kepulauan Sula, Maluku Utara";"MALUKU UTARA";"";"Indonesia";"";"-2.0597288";"125.9806484";"https://maps.google.com/?cid=0x0:0x632ae406117de6db"
"housing complex";"Pelayanan Keamanan Jalan";"Sanana kabupaten kepulauan Sula";"VW5J+GJ7, Wailau, Kec. Sanana, Kabupaten Kepulauan Sula, Maluku Utara";"Kabupaten Kepulauan Sula, Maluku Utara";"MALUKU UTARA";"";"Indonesia";"";"-2.1412118";"125.9315489";"https://maps.google.com/?cid=0x0:0xbba950bab65addc9"
"housing complex";"Kompleks Apartemen";"CITY OF TOMCITAS";"WXQJ+XV4, Falahu, Kec. Sanana, Kabupaten Kepulauan Sula, Maluku Utara";"Kabupaten Kepulauan Sula, Maluku Utara";"MALUKU UTARA";"";"Indonesia";"";"-2.0601063";"125.9821884";"https://maps.google.com/?cid=0x0:0x82a00f67260ba79d"
"toko bangunan";"Toko Bahan Bangunan";"Makmur Utama Supermarket Bahan Bangunan";"Jambula, Kec. Pulau Ternate, Kota Ternate, Maluku Utara";"Kota Ternate, Maluku Utara";"MALUKU UTARA";"";"Indonesia";" 08114313899";"0.7581804";"127.3220409";"https://maps.google.com/?cid=0x0:0xe3a01731f7851efa"
"toko bangunan";"toko bangunan";"Maluku Utara";"";"Maluku Utara";"MALUKU UTARA";"";"Indonesia";"";"1.5709993";"127.8087693";"https://maps.google.com/?cid=0x0:0x1030bfbcaf71ac0"
"toko bangunan";"Toko Bahan Bangunan";"Makmur Utama Supermarket Bahan Bangunan";"Jl. Yasin Gamsungi No.2 Kec. ternate tengah, Kel, Makassar Tim., Makassar Timur, Kota Ternate, Maluku Utara 97724";"Kel, Makassar Tim., Makassar Timur, Kota Ternate";"MALUKU UTARA";"97724";"Indonesia";" 08114313799";"0.7940352";"127.3876695";"https://maps.google.com/?cid=0x0:0x2f492ae87bf64247"
"toko bangunan";"toko bangunan";"Kec. Mangoli Tim.";"Kabupaten Kepulauan Sula, Maluku Utara";"Kabupaten Kepulauan Sula, Maluku Utara";"MALUKU UTARA";"";"Indonesia";"";"-1.9120347";"125.9824503";"https://maps.google.com/?cid=0x0:0x8b05f627cf49bd0a"
"toko bangunan";"toko bangunan";"Maluku Utara 97795";"Falahu, Kec. Sanana, Kabupaten Kepulauan Sula, Maluku Utara";"Kabupaten Kepulauan Sula, Maluku Utara";"MALUKU UTARA";"";"Indonesia";"";"-2.0613593";"125.9823727";"https://maps.google.com/?cid=0x0:0x25db49ff4002ccf8"
"toko bangunan";"Toko Bahan Bangunan";"Bangunan Toko";"WXWG+656, Fagudu, Kec. Sanana, Kabupaten Kepulauan Sula, Maluku Utara";"Kabupaten Kepulauan Sula, Maluku Utara";"MALUKU UTARA";"";"Indonesia";" 092921018";"-2.054462";"125.975403";"https://maps.google.com/?cid=0x0:0xe128a2c2968ec91c"
"toko bangunan";"Toko Bahan Bangunan";"Toko Central Teknik";"WXRJ+C9C, Fagudu, Kec. Sanana, Kabupaten Kepulauan Sula, Maluku Utara";"Kabupaten Kepulauan Sula, Maluku Utara";"MALUKU UTARA";"";"Indonesia";"";"-2.0589267";"125.9808967";"https://maps.google.com/?cid=0x0:0xee30f9bd29dada96"
"toko bangunan";"Toko Bahan Bangunan";"toko fariasi";"Fagudu, Kec. Sanana, Kabupaten Kepulauan Sula, Maluku Utara 97795";"Kec. Sanana, Kabupaten Kepulauan Sula";"MALUKU UTARA";"97795";"Indonesia";"";"-2.0613406";"125.982371";"https://maps.google.com/?cid=0x0:0xc7d11f3f54634ae8"
"toko bangunan";"Toko Bahan Bangunan";"Toko Sejahtera";"WXWJ+556, Mangon, Kec. Sanana, Kabupaten Kepulauan Sula, Maluku Utara";"Kabupaten Kepulauan Sula, Maluku Utara";"MALUKU UTARA";"";"Indonesia";"";"-2.0545963";"125.9803939";"https://maps.google.com/?cid=0x0:0x9c83e67a40dd0af7"
"toko bangunan";"Toko Barang Pecah Belah";"Toko Moro Asih";"WXJJ+9C3, Fatce, Kec. Sanana, Kabupaten Kepulauan Sula, Maluku Utara";"Kabupaten Kepulauan Sula, Maluku Utara";"MALUKU UTARA";"";"Indonesia";"";"-2.0691034";"125.981046";"https://maps.google.com/?cid=0x0:0x6c709744209ad66c"
"toko bangunan";"Toko bahan makanan";"Toko Barokah";"WXVJ+22J, Fagudu, Kec. Sanana, Kabupaten Kepulauan Sula, Maluku Utara";"Kabupaten Kepulauan Sula, Maluku Utara";"MALUKU UTARA";"";"Indonesia";"";"-2.0574225";"125.9800215";"https://maps.google.com/?cid=0x0:0xdca2a26a27b6bd68"
"toko bangunan";"Toko Bahan Bangunan";"TB Santosa";"Jl. Kemang Raya No.9 B, RT.002/RW.002, Jaticempaka, Kec. Pd. Gede, Kota Bks, Jawa Barat 17416";"RT.002/RW.002, Jaticempaka, Kec. Pd. Gede, Kota Bks";"MALUKU UTARA";"17416";"Indonesia";" 0218473474";"-6.259941";"106.9244765";"https://maps.google.com/?cid=0x0:0xe218e7f866cf888b"
"toko bangunan";"Toko Bahan Bangunan";"TOKO BANGUNAN (SSA)";"QJC7+5W6, Jl. Kelapa Dua Raya, Klp. Dua, Kec. Klp. Dua, Kabupaten Tangerang, Banten 15810";"Jl. Kelapa Dua Raya, Klp. Dua, Kec. Klp. Dua, Kabupaten Tangerang";"MALUKU UTARA";"15810";"Indonesia";" 085777881888";"-6.2294451";"106.6147905";"https://maps.google.com/?cid=0x0:0x9cdabec24bdbafb8"
"toko bangunan";"";"THE Bangunan CIMUNING ( toko alat dan bahan bangunan / toko material)";"samping masjid nurul insan, Jl. WR. Supratman, RT.002/RW.006, Cimuning, Kec. Mustika Jaya, Kota Bks, Jawa Barat 17155";"Jl. WR. Supratman, RT.002/RW.006, Cimuning, Kec. Mustika Jaya, Kota Bks";"MALUKU UTARA";"17155";"Indonesia";" 02182594213";"-6.3112924";"107.0276565";"https://maps.google.com/?cid=0x0:0xdf5471e58ee9279f"
"toko bangunan";"Toko Bahan Bangunan";"Toko Bangunan SARINNA";"MF9W+2RW, kp bayawak pojok, RT.022/RW.07, Taban, Kec. Jambe, Kabupaten Tangerang, Banten 15720";"kp bayawak pojok, RT.022/RW.07, Taban, Kec. Jambe, Kabupaten Tangerang";"MALUKU UTARA";"15720";"Indonesia";" 085697623157";"-6.3323985";"106.4970667";"https://maps.google.com/?cid=0x0:0x9fc9e5bb13670909"
"toko bangunan";"Toko Bahan Bangunan";"SAN JAYA BANGUNAN";"Leuweung Kolot, Kec. Cibungbulang, Kabupaten Bogor, Jawa Barat";"Kabupaten Bogor, Jawa Barat";"MALUKU UTARA";"";"Indonesia";"";"-6.564385";"106.6767342";"https://maps.google.com/?cid=0x0:0x12fe90a86e70adf0"
"toko bangunan";"Toko Bahan Bangunan";"Tasan Majubersama";"Jl Prof Dr Latumeten 19 Jelambar Grogol Petamburan Jakarta Barat DKI Jakarta, RT.1/RW.7, Jelambar, Kec. Grogol petamburan, Kota Jakarta Barat, Daerah Khusus Ibukota Jakarta 11460";"RT.1/RW.7, Jelambar, Kec. Grogol petamburan, Kota Jakarta Barat";"MALUKU UTARA";"11460";"Indonesia";" 02156958032";"-6.1570711";"106.7916301";"https://maps.google.com/?cid=0x0:0x14159aaf33bec139"
"toko bangunan";"Toko Bahan Bangunan";"TOKO BUNDANA 🏻";"Jl. Kp. Duren Mekar No.56, RW.1, Duren Seribu, Kec. Bojongsari, Kota Depok, Jawa Barat 16518";"RW.1, Duren Seribu, Kec. Bojongsari, Kota Depok";"MALUKU UTARA";"16518";"Indonesia";"";"-6.4257531";"106.7395337";"https://maps.google.com/?cid=0x0:0x1372ce27f29f1b48"
"toko bangunan";"Toko Bahan Bangunan";"toko fariasi";"Fagudu, Kec. Sanana, Kabupaten Kepulauan Sula, Maluku Utara 97795";"Kec. Sanana, Kabupaten Kepulauan Sula";"MALUKU UTARA";"97795";"Indonesia";"";"-2.0613406";"125.982371";"https://maps.google.com/?cid=0x0:0xc7d11f3f54634ae8"
"toko bangunan";"Toko Bahan Bangunan";"Distributor Semen Conch Sanana";"Jalan Raya, Falahu, Kec. Sanana, Kabupaten Kepulauan Sula, Maluku Utara 97795";"Falahu, Kec. Sanana, Kabupaten Kepulauan Sula";"MALUKU UTARA";"97795";"Indonesia";" 082233920834";"-2.059688";"125.9824895";"https://maps.google.com/?cid=0x0:0x6eb1605814b08aea"
"toko bangunan";"toko bangunan";"Maluku Utara 97795";"Falahu, Kec. Sanana, Kabupaten Kepulauan Sula, Maluku Utara";"Kabupaten Kepulauan Sula, Maluku Utara";"MALUKU UTARA";"";"Indonesia";"";"-2.0613593";"125.9823727";"https://maps.google.com/?cid=0x0:0x25db49ff4002ccf8"
"toko bangunan";"Toko Bahan Bangunan";"Bangunan Toko";"WXWG+656, Fagudu, Kec. Sanana, Kabupaten Kepulauan Sula, Maluku Utara";"Kabupaten Kepulauan Sula, Maluku Utara";"MALUKU UTARA";"";"Indonesia";" 092921018";"-2.054462";"125.975403";"https://maps.google.com/?cid=0x0:0xe128a2c2968ec91c"
"toko bangunan";"Toko Bahan Bangunan";"Toko Sejahtera";"WXWJ+556, Mangon, Kec. Sanana, Kabupaten Kepulauan Sula, Maluku Utara";"Kabupaten Kepulauan Sula, Maluku Utara";"MALUKU UTARA";"";"Indonesia";"";"-2.0545963";"125.9803939";"https://maps.google.com/?cid=0x0:0x9c83e67a40dd0af7"
"toko bangunan";"Toko Bahan Bangunan";"TB AMANAH JAILOLO";"Acango, Kec. Jailolo, Kabupaten Halmahera Barat, Maluku Utara 99752";"Kec. Jailolo, Kabupaten Halmahera Barat";"MALUKU UTARA";"99752";"Indonesia";" 081227841880";"1.0895967";"127.4757615";"https://maps.google.com/?cid=0x0:0xe1b54071a553bc0c"
"toko bangunan";"Toko Bahan Bangunan";"Toko.Boekit Bangunan";"3FQG+659, Acango, Kec. Jailolo, Kabupaten Halmahera Barat, Maluku Utara";"Kabupaten Halmahera Barat, Maluku Utara";"MALUKU UTARA";"";"Indonesia";" 085166903897";"1.0882582";"127.4754115";"https://maps.google.com/?cid=0x0:0x88096a93b702388e"
"toko bangunan";"toko bangunan";"Kec. Mangoli Bar.";"Kabupaten Kepulauan Sula, Maluku Utara";"Kabupaten Kepulauan Sula, Maluku Utara";"MALUKU UTARA";"";"Indonesia";"";"-1.8071861";"125.3556926";"https://maps.google.com/?cid=0x0:0x9235093942d7b06a"
"toko bangunan";"Toko Bahan Bangunan";"Toko bangunan / fajar mas luyo";"J48W+RQ9, Mambu, Kec. Luyo, Kabupaten Polewali Mandar, Sulawesi Barat 91353";"Mambu, Kec. Luyo, Kabupaten Polewali Mandar";"MALUKU UTARA";"91353";"Indonesia";" 081235237126";"-3.3829625";"119.1469844";"https://maps.google.com/?cid=0x0:0x43dbd6f851f54878"
"toko bangunan";"toko bangunan";"Maluku Utara 97795";"Falahu, Kec. Sanana, Kabupaten Kepulauan Sula, Maluku Utara";"Kabupaten Kepulauan Sula, Maluku Utara";"MALUKU UTARA";"";"Indonesia";"";"-2.0613593";"125.9823727";"https://maps.google.com/?cid=0x0:0x25db49ff4002ccf8"
"toko bangunan";"Toko Bahan Bangunan";"toko fariasi";"Fagudu, Kec. Sanana, Kabupaten Kepulauan Sula, Maluku Utara 97795";"Kec. Sanana, Kabupaten Kepulauan Sula";"MALUKU UTARA";"97795";"Indonesia";"";"-2.0613406";"125.982371";"https://maps.google.com/?cid=0x0:0xc7d11f3f54634ae8"
"toko bangunan";"Toko Bahan Bangunan";"Toko Central Teknik";"WXRJ+C9C, Fagudu, Kec. Sanana, Kabupaten Kepulauan Sula, Maluku Utara";"Kabupaten Kepulauan Sula, Maluku Utara";"MALUKU UTARA";"";"Indonesia";"";"-2.0589267";"125.9808967";"https://maps.google.com/?cid=0x0:0xee30f9bd29dada96"
"toko bangunan";"Toko Bahan Bangunan";"Distributor Semen Conch Sanana";"Jalan Raya, Falahu, Kec. Sanana, Kabupaten Kepulauan Sula, Maluku Utara 97795";"Falahu, Kec. Sanana, Kabupaten Kepulauan Sula";"MALUKU UTARA";"97795";"Indonesia";" 082233920834";"-2.059688";"125.9824895";"https://maps.google.com/?cid=0x0:0x6eb1605814b08aea"
"toko bangunan";"Toko Bahan Bangunan";"Toko Sejahtera";"WXWJ+556, Mangon, Kec. Sanana, Kabupaten Kepulauan Sula, Maluku Utara";"Kabupaten Kepulauan Sula, Maluku Utara";"MALUKU UTARA";"";"Indonesia";"";"-2.0545963";"125.9803939";"https://maps.google.com/?cid=0x0:0x9c83e67a40dd0af7"
"toko bangunan";"toko bangunan";"Kec. Sulabesi Tengah";"Kabupaten Kepulauan Sula, Maluku Utara";"Kabupaten Kepulauan Sula, Maluku Utara";"MALUKU UTARA";"";"Indonesia";"";"-2.2660437";"126.0041676";"https://maps.google.com/?cid=0x0:0xfbd0a140fc92e4f2"
"toko bangunan";"toko bangunan";"Maluku Utara 97795";"Falahu, Kec. Sanana, Kabupaten Kepulauan Sula, Maluku Utara";"Kabupaten Kepulauan Sula, Maluku Utara";"MALUKU UTARA";"";"Indonesia";"";"-2.0613593";"125.9823727";"https://maps.google.com/?cid=0x0:0x25db49ff4002ccf8"
"toko bangunan";"Toko Bahan Bangunan";"toko fariasi";"Fagudu, Kec. Sanana, Kabupaten Kepulauan Sula, Maluku Utara 97795";"Kec. Sanana, Kabupaten Kepulauan Sula";"MALUKU UTARA";"97795";"Indonesia";"";"-2.0613406";"125.982371";"https://maps.google.com/?cid=0x0:0xc7d11f3f54634ae8"
"toko bangunan";"Toko Bahan Bangunan";"Toko Central Teknik";"WXRJ+C9C, Fagudu, Kec. Sanana, Kabupaten Kepulauan Sula, Maluku Utara";"Kabupaten Kepulauan Sula, Maluku Utara";"MALUKU UTARA";"";"Indonesia";"";"-2.0589267";"125.9808967";"https://maps.google.com/?cid=0x0:0xee30f9bd29dada96"
"toko bangunan";"toko bangunan";"Kec. Sulabesi Timur";"Kabupaten Kepulauan Sula, Maluku Utara";"Kabupaten Kepulauan Sula, Maluku Utara";"MALUKU UTARA";"";"Indonesia";"";"-2.3972103";"126.0597014";"https://maps.google.com/?cid=0x0:0xb7e818da71ae9c3d"
"toko bangunan";"toko bangunan";"Maluku Utara 97795";"Falahu, Kec. Sanana, Kabupaten Kepulauan Sula, Maluku Utara";"Kabupaten Kepulauan Sula, Maluku Utara";"MALUKU UTARA";"";"Indonesia";"";"-2.0613593";"125.9823727";"https://maps.google.com/?cid=0x0:0x25db49ff4002ccf8"
"toko bangunan";"Toko Bahan Bangunan";"toko fariasi";"Fagudu, Kec. Sanana, Kabupaten Kepulauan Sula, Maluku Utara 97795";"Kec. Sanana, Kabupaten Kepulauan Sula";"MALUKU UTARA";"97795";"Indonesia";"";"-2.0613406";"125.982371";"https://maps.google.com/?cid=0x0:0xc7d11f3f54634ae8"
"toko bangunan";"Toko Bahan Bangunan";"Distributor Semen Conch Sanana";"Jalan Raya, Falahu, Kec. Sanana, Kabupaten Kepulauan Sula, Maluku Utara 97795";"Falahu, Kec. Sanana, Kabupaten Kepulauan Sula";"MALUKU UTARA";"97795";"Indonesia";" 082233920834";"-2.059688";"125.9824895";"https://maps.google.com/?cid=0x0:0x6eb1605814b08aea"
"toko bangunan";"toko bangunan";"Mangoli Utara";"Kabupaten Kepulauan Sula, Maluku Utara";"Kabupaten Kepulauan Sula, Maluku Utara";"MALUKU UTARA";"";"Indonesia";"";"-1.7870032";"125.4804915";"https://maps.google.com/?cid=0x0:0x821bd9ab23ff70b4"
"toko bangunan";"Toko Bahan Bangunan";"Makmur Utama Supermarket Bahan Bangunan";"Jl. Yasin Gamsungi No.2 Kec. ternate tengah, Kel, Makassar Tim., Makassar Timur, Kota Ternate, Maluku Utara 97724";"Kel, Makassar Tim., Makassar Timur, Kota Ternate";"MALUKU UTARA";"97724";"Indonesia";" 08114313799";"0.7940352";"127.3876695";"https://maps.google.com/?cid=0x0:0x2f492ae87bf64247"
"toko bangunan";"toko bangunan";"Kec. Mangoli Tengah";"Kabupaten Kepulauan Sula, Maluku Utara";"Kabupaten Kepulauan Sula, Maluku Utara";"MALUKU UTARA";"";"Indonesia";"";"-1.9272257";"125.9383491";"https://maps.google.com/?cid=0x0:0xa42c94bee3686447"
"toko bangunan";"Toko Bahan Bangunan";"Makmur Utama Supermarket Bahan Bangunan";"Jambula, Kec. Pulau Ternate, Kota Ternate, Maluku Utara";"Kota Ternate, Maluku Utara";"MALUKU UTARA";"";"Indonesia";" 08114313899";"0.7581804";"127.3220409";"https://maps.google.com/?cid=0x0:0xe3a01731f7851efa"
"toko bangunan";"toko bangunan";"Mangoli Utara Tim.";"Kabupaten Kepulauan Sula, Maluku Utara";"Kabupaten Kepulauan Sula, Maluku Utara";"MALUKU UTARA";"";"Indonesia";"";"-1.8414454";"126.241388";"https://maps.google.com/?cid=0x0:0x17e3b0f466e504e3"
"toko bangunan";"Toko Bahan Bangunan";"Toko Sejati Bangunan";"Jalan Raya Wosia, Depan Saro Nifero, Samping Dealer Honda CV.Lion, Mahia, Kec. Tobelo, Maluku Utara 97762";"Depan Saro Nifero, Samping Dealer Honda CV.Lion, Mahia, Kec. Tobelo";"MALUKU UTARA";"97762";"Indonesia";" 082195215789";"1.7063845";"128.0084905";"https://maps.google.com/?cid=0x0:0xe07acc47d25781c8"
"toko bangunan";"toko bangunan";"Gudang Mangon, Toko Sinar Baru";"Jl. Ismail Digul No.Desa, Mangon, Kec. Sanana, Kabupaten Kepulauan Sula, Maluku Utara";"Kabupaten Kepulauan Sula, Maluku Utara";"MALUKU UTARA";"";"Indonesia";"";"-2.0538692";"125.9829774";"https://maps.google.com/?cid=0x0:0xa366a7a7b129825"
"toko bangunan";"Toko Bahan Bangunan";"Toko Duta Bangunan";"Jl. Danau Rana, Namlea, Kec. Namlea, Kabupaten Buru, Maluku";"Kabupaten Buru, Maluku";"MALUKU UTARA";"";"Indonesia";" 091322010";"-3.269268";"127.1034228";"https://maps.google.com/?cid=0x0:0x4d2e61629ea407b9"
"toko bangunan";"Toko";"TOKO FAJAR MAS";"P3CX+R5Q, Namlea, Kec. Namlea, Kabupaten Buru, Maluku";"Kabupaten Buru, Maluku";"MALUKU UTARA";"";"Indonesia";"";"-3.2779017";"127.0979019";"https://maps.google.com/?cid=0x0:0xce7d9cbd242800a3"
"toko bangunan";"toko bangunan";"Kec. Mangoli Sel.";"Kabupaten Kepulauan Sula, Maluku Utara";"Kabupaten Kepulauan Sula, Maluku Utara";"MALUKU UTARA";"";"Indonesia";"";"-1.9281685";"125.5811446";"https://maps.google.com/?cid=0x0:0xe82e6eef47e4f664"
"toko bangunan";"toko bangunan";"Maluku Utara 97795";"Falahu, Kec. Sanana, Kabupaten Kepulauan Sula, Maluku Utara";"Kabupaten Kepulauan Sula, Maluku Utara";"MALUKU UTARA";"";"Indonesia";"";"-2.0613593";"125.9823727";"https://maps.google.com/?cid=0x0:0x25db49ff4002ccf8"
"toko bangunan";"Toko Bahan Bangunan";"toko fariasi";"Fagudu, Kec. Sanana, Kabupaten Kepulauan Sula, Maluku Utara 97795";"Kec. Sanana, Kabupaten Kepulauan Sula";"MALUKU UTARA";"97795";"Indonesia";"";"-2.0613406";"125.982371";"https://maps.google.com/?cid=0x0:0xc7d11f3f54634ae8"
"toko bangunan";"Toko Bahan Bangunan";"Bangunan Toko";"WXWG+656, Fagudu, Kec. Sanana, Kabupaten Kepulauan Sula, Maluku Utara";"Kabupaten Kepulauan Sula, Maluku Utara";"MALUKU UTARA";"";"Indonesia";" 092921018";"-2.054462";"125.975403";"https://maps.google.com/?cid=0x0:0xe128a2c2968ec91c"
"toko bangunan";"Toko Bahan Bangunan";"Distributor Semen Conch Sanana";"Jalan Raya, Falahu, Kec. Sanana, Kabupaten Kepulauan Sula, Maluku Utara 97795";"Falahu, Kec. Sanana, Kabupaten Kepulauan Sula";"MALUKU UTARA";"97795";"Indonesia";" 082233920834";"-2.059688";"125.9824895";"https://maps.google.com/?cid=0x0:0x6eb1605814b08aea"
"toko bangunan";"Toko Bahan Bangunan";"Toko Sejahtera";"WXWJ+556, Mangon, Kec. Sanana, Kabupaten Kepulauan Sula, Maluku Utara";"Kabupaten Kepulauan Sula, Maluku Utara";"MALUKU UTARA";"";"Indonesia";"";"-2.0545963";"125.9803939";"https://maps.google.com/?cid=0x0:0x9c83e67a40dd0af7"
"toko bangunan";"Toko Barang Pecah Belah";"Toko Moro Asih";"WXJJ+9C3, Fatce, Kec. Sanana, Kabupaten Kepulauan Sula, Maluku Utara";"Kabupaten Kepulauan Sula, Maluku Utara";"MALUKU UTARA";"";"Indonesia";"";"-2.0691034";"125.981046";"https://maps.google.com/?cid=0x0:0x6c709744209ad66c"
"toko bangunan";"Toko bahan makanan";"Toko Barokah";"WXVJ+22J, Fagudu, Kec. Sanana, Kabupaten Kepulauan Sula, Maluku Utara";"Kabupaten Kepulauan Sula, Maluku Utara";"MALUKU UTARA";"";"Indonesia";"";"-2.0574225";"125.9800215";"https://maps.google.com/?cid=0x0:0xdca2a26a27b6bd68"
"building materials";"building materials";"Kec. Mangoli Tim.";"Kabupaten Kepulauan Sula, Maluku Utara";"Kabupaten Kepulauan Sula, Maluku Utara";"MALUKU UTARA";"";"Indonesia";"";"-1.9120347";"125.9824503";"https://maps.google.com/?cid=0x0:0x8b05f627cf49bd0a"
"building materials";"Toko Bahan Bangunan";"Distributor Semen Conch Sanana";"Jalan Raya, Falahu, Kec. Sanana, Kabupaten Kepulauan Sula, Maluku Utara 97795";"Falahu, Kec. Sanana, Kabupaten Kepulauan Sula";"MALUKU UTARA";"97795";"Indonesia";" 082233920834";"-2.059688";"125.9824895";"https://maps.google.com/?cid=0x0:0x6eb1605814b08aea"
"building materials";"building materials";"Maluku Utara 97795";"Falahu, Kec. Sanana, Kabupaten Kepulauan Sula, Maluku Utara";"Kabupaten Kepulauan Sula, Maluku Utara";"MALUKU UTARA";"";"Indonesia";"";"-2.0613593";"125.9823727";"https://maps.google.com/?cid=0x0:0x25db49ff4002ccf8"
"building materials";"Toko Bahan Bangunan";"toko fariasi";"Fagudu, Kec. Sanana, Kabupaten Kepulauan Sula, Maluku Utara 97795";"Kec. Sanana, Kabupaten Kepulauan Sula";"MALUKU UTARA";"97795";"Indonesia";"";"-2.0613406";"125.982371";"https://maps.google.com/?cid=0x0:0xc7d11f3f54634ae8"
"building materials";"Toko Bahan Bangunan";"Bangunan Toko";"WXWG+656, Fagudu, Kec. Sanana, Kabupaten Kepulauan Sula, Maluku Utara";"Kabupaten Kepulauan Sula, Maluku Utara";"MALUKU UTARA";"";"Indonesia";" 092921018";"-2.054462";"125.975403";"https://maps.google.com/?cid=0x0:0xe128a2c2968ec91c"
"building materials";"building materials";"Sanana";"Fagudu, Kec. Sanana, Kabupaten Kepulauan Sula, Maluku Utara";"Kabupaten Kepulauan Sula, Maluku Utara";"MALUKU UTARA";"";"Indonesia";"";"-2.054462";"125.975403";"https://maps.google.com/?cid=0x0:0x794f7fcc9fc05834"
"building materials";"Toko Bahan Bangunan";"Toko Central Teknik";"WXRJ+C9C, Fagudu, Kec. Sanana, Kabupaten Kepulauan Sula, Maluku Utara";"Kabupaten Kepulauan Sula, Maluku Utara";"MALUKU UTARA";"";"Indonesia";"";"-2.0589267";"125.9808967";"https://maps.google.com/?cid=0x0:0xee30f9bd29dada96"
"building materials";"building materials";"Maluku Utara 97795";"Falahu, Kec. Sanana, Kabupaten Kepulauan Sula, Maluku Utara";"Kabupaten Kepulauan Sula, Maluku Utara";"MALUKU UTARA";"";"Indonesia";"";"-2.0613593";"125.9823727";"https://maps.google.com/?cid=0x0:0x25db49ff4002ccf8"
"building materials";"Toko Bahan Bangunan";"toko fariasi";"Fagudu, Kec. Sanana, Kabupaten Kepulauan Sula, Maluku Utara 97795";"Kec. Sanana, Kabupaten Kepulauan Sula";"MALUKU UTARA";"97795";"Indonesia";"";"-2.0613406";"125.982371";"https://maps.google.com/?cid=0x0:0xc7d11f3f54634ae8"
"building materials";"Toko Bahan Bangunan";"Distributor Semen Conch Sanana";"Jalan Raya, Falahu, Kec. Sanana, Kabupaten Kepulauan Sula, Maluku Utara 97795";"Falahu, Kec. Sanana, Kabupaten Kepulauan Sula";"MALUKU UTARA";"97795";"Indonesia";" 082233920834";"-2.059688";"125.9824895";"https://maps.google.com/?cid=0x0:0x6eb1605814b08aea"
"building materials";"building materials";"Kec. Mangoli Bar.";"Kabupaten Kepulauan Sula, Maluku Utara";"Kabupaten Kepulauan Sula, Maluku Utara";"MALUKU UTARA";"";"Indonesia";"";"-1.8071861";"125.3556926";"https://maps.google.com/?cid=0x0:0x9235093942d7b06a"
"building materials";"building materials";"PT mangole Timber producers";"5F8Q+2MC, Falabisahaya, dofa mangole barat, Kabupaten Kepulauan Sula, Maluku Utara";"Kabupaten Kepulauan Sula, Maluku Utara";"MALUKU UTARA";"";"Indonesia";"";"-1.8349259";"125.489147";"https://maps.google.com/?cid=0x0:0x9ce7c4ba52ad11a9"
"building materials";"building materials";"Maluku Utara 97795";"Falahu, Kec. Sanana, Kabupaten Kepulauan Sula, Maluku Utara";"Kabupaten Kepulauan Sula, Maluku Utara";"MALUKU UTARA";"";"Indonesia";"";"-2.0613593";"125.9823727";"https://maps.google.com/?cid=0x0:0x25db49ff4002ccf8"
"building materials";"Toko Bahan Bangunan";"toko fariasi";"Fagudu, Kec. Sanana, Kabupaten Kepulauan Sula, Maluku Utara 97795";"Kec. Sanana, Kabupaten Kepulauan Sula";"MALUKU UTARA";"97795";"Indonesia";"";"-2.0613406";"125.982371";"https://maps.google.com/?cid=0x0:0xc7d11f3f54634ae8"
"building materials";"Toko Bahan Bangunan";"Distributor Semen Conch Sanana";"Jalan Raya, Falahu, Kec. Sanana, Kabupaten Kepulauan Sula, Maluku Utara 97795";"Falahu, Kec. Sanana, Kabupaten Kepulauan Sula";"MALUKU UTARA";"97795";"Indonesia";" 082233920834";"-2.059688";"125.9824895";"https://maps.google.com/?cid=0x0:0x6eb1605814b08aea"
"building materials";"building materials";"Maluku Utara 97795";"Falahu, Kec. Sanana, Kabupaten Kepulauan Sula, Maluku Utara";"Kabupaten Kepulauan Sula, Maluku Utara";"MALUKU UTARA";"";"Indonesia";"";"-2.0613593";"125.9823727";"https://maps.google.com/?cid=0x0:0x25db49ff4002ccf8"
"building materials";"building materials";"Kec. Sulabesi Timur";"Kabupaten Kepulauan Sula, Maluku Utara";"Kabupaten Kepulauan Sula, Maluku Utara";"MALUKU UTARA";"";"Indonesia";"";"-2.3972103";"126.0597014";"https://maps.google.com/?cid=0x0:0xb7e818da71ae9c3d"
"building materials";"Toko Bahan Bangunan";"Distributor Semen Conch Sanana";"Jalan Raya, Falahu, Kec. Sanana, Kabupaten Kepulauan Sula, Maluku Utara 97795";"Falahu, Kec. Sanana, Kabupaten Kepulauan Sula";"MALUKU UTARA";"97795";"Indonesia";" 082233920834";"-2.059688";"125.9824895";"https://maps.google.com/?cid=0x0:0x6eb1605814b08aea"
"building materials";"building materials";"Maluku Utara 97795";"Falahu, Kec. Sanana, Kabupaten Kepulauan Sula, Maluku Utara";"Kabupaten Kepulauan Sula, Maluku Utara";"MALUKU UTARA";"";"Indonesia";"";"-2.0613593";"125.9823727";"https://maps.google.com/?cid=0x0:0x25db49ff4002ccf8"
"building materials";"Toko Bahan Bangunan";"toko fariasi";"Fagudu, Kec. Sanana, Kabupaten Kepulauan Sula, Maluku Utara 97795";"Kec. Sanana, Kabupaten Kepulauan Sula";"MALUKU UTARA";"97795";"Indonesia";"";"-2.0613406";"125.982371";"https://maps.google.com/?cid=0x0:0xc7d11f3f54634ae8"
"building materials";"Toko Bahan Bangunan";"Distributor Semen Conch Sanana";"Jalan Raya, Falahu, Kec. Sanana, Kabupaten Kepulauan Sula, Maluku Utara 97795";"Falahu, Kec. Sanana, Kabupaten Kepulauan Sula";"MALUKU UTARA";"97795";"Indonesia";" 082233920834";"-2.059688";"125.9824895";"https://maps.google.com/?cid=0x0:0x6eb1605814b08aea"
"building materials";"building materials";"Mangoli Utara";"Kabupaten Kepulauan Sula, Maluku Utara";"Kabupaten Kepulauan Sula, Maluku Utara";"MALUKU UTARA";"";"Indonesia";"";"-1.7870032";"125.4804915";"https://maps.google.com/?cid=0x0:0x821bd9ab23ff70b4"
"building materials";"building materials";"Kec. Mangoli Tengah";"Kabupaten Kepulauan Sula, Maluku Utara";"Kabupaten Kepulauan Sula, Maluku Utara";"MALUKU UTARA";"";"Indonesia";"";"-1.9272257";"125.9383491";"https://maps.google.com/?cid=0x0:0xa42c94bee3686447"
"building materials";"building materials";"Mangoli Utara Tim.";"Kabupaten Kepulauan Sula, Maluku Utara";"Kabupaten Kepulauan Sula, Maluku Utara";"MALUKU UTARA";"";"Indonesia";"";"-1.8414454";"126.241388";"https://maps.google.com/?cid=0x0:0x17e3b0f466e504e3"
"building materials";"building materials";"Kec. Mangoli Sel.";"Kabupaten Kepulauan Sula, Maluku Utara";"Kabupaten Kepulauan Sula, Maluku Utara";"MALUKU UTARA";"";"Indonesia";"";"-1.9281685";"125.5811446";"https://maps.google.com/?cid=0x0:0xe82e6eef47e4f664"
"building materials";"building materials";"PT mangole Timber producers";"5F8Q+2MC, Falabisahaya, dofa mangole barat, Kabupaten Kepulauan Sula, Maluku Utara";"Kabupaten Kepulauan Sula, Maluku Utara";"MALUKU UTARA";"";"Indonesia";"";"-1.8349259";"125.489147";"https://maps.google.com/?cid=0x0:0x9ce7c4ba52ad11a9"
